{"r2_score": 0.97335883165477, "mse": 2222.5401523076926}