feature,importance
Session_Duration (hours),0.3579754130897939
Experience_Level,0.11871115422786775
Avg_BPM,0.116701098418312
Fat_Percentage,0.09058020231191564
Age,0.04372826763169038
Weight (kg),0.039784000422554464
BMI,0.03937221307260119
Water_Intake (liters),0.03715465082410609
Max_BPM,0.03546141330524053
Resting_BPM,0.0332055839529722
Height (m),0.03304683480093478
Workout_Frequency (days/week),0.027154305681518245
Workout_Type,0.017022636811503875
Gender,0.010102225448988903
