{"accuracy": 0.8769230769230769, "precision": 0.8909635982806715, "recall": 0.8707273153475685, "f1_score": 0.8777051561365287}

