{"r2_score": 0.96646849330615, "mse": 2797.3668057166565, "mae": 39.795954842283145, "rmse": 52.890139021528924}