{"r2_score": 0.9676261714612414, "mse": 2700.787475944104, "mae": 41.585032216683025, "rmse": 51.969101165443526}