{"r2_score": 0.9722145598771417, "mse": 2318.001054696636, "mae": 36.47966414580316, "rmse": 48.145623422037396}