{"accuracy": 0.9948717948717949, "precision": 0.9964539007092199, "recall": 0.9888888888888889, "f1_score": 0.9925677512915798}

