{"r2_score": 0.9732179377446912, "mse": 2234.2942303686755}